,FPz,EOG1,F3,Fz,F4,EOG2,FC5,FC1,FC2,FC6,T7,C3,C4,Cz,T8,CP5,CP1,CP2,CP6,P7,P3,Pz,P4,P8,PO7,PO3,POz,PO4,PO8,O1,Oz,O2
0,14.671998727707868,16.13525289931557,12.686930619317758,12.587934939649239,12.91016788329001,15.560279693234845,12.918169717653413,12.287760141210752,12.418661607893783,11.7787421869985,16.531307128099,12.225911987608042,11.371665836285016,12.13504877357191,13.321747220798862,12.120890387201682,11.504150802428773,11.498880089599345,10.895849668137801,14.393425876791563,11.541802706304884,11.332545664998465,11.608349186020085,13.078613758027734,13.215952431082924,11.75605621440794,11.240661926197758,11.860798450568607,12.710996156621214,12.699523337697194,12.132699307163877,12.368227841784616
1,12.474893264680924,17.065848784540705,11.803936340799359,11.831669120966799,12.065538589155794,15.598035835953644,12.278471681633462,11.74245547230521,11.850217920527186,11.248583758645887,14.298874652187012,11.935989288335081,10.891824825064722,11.614866402037139,11.59229519283244,12.229608858599972,11.339475658998532,10.861431891274554,10.46924262628478,13.528265989737264,11.218140074329723,11.0926165300014,10.823000254573378,11.829751515624375,12.513551959288064,10.849234777814097,10.805450555036158,10.700191791663414,11.198135839660017,12.096509553164966,11.467855813039598,11.407332272755339
2,8.245273755438271,12.1211051098597,10.977333542904093,11.203342366560767,11.540170840716764,14.292197416151375,11.766513910167426,12.095143872784293,12.101139244265022,12.150014734263996,16.630146969027376,11.729434211627089,11.39071267160841,12.125021463860874,14.46600389695507,12.226071158265208,11.428083168062315,11.148651931230035,11.625454575971633,14.910485689011145,11.36758725677484,11.413645606305176,11.232744486310766,11.921887483817068,13.548490250470095,11.554478719528015,11.184550860283586,11.31051790388321,11.583062960231983,12.415411650786401,11.647802766343382,11.829354546676955
3,15.384055352023248,17.56548043734575,13.698882990741458,13.350942027456533,12.9570642364623,17.269358737615196,13.384664947314647,12.72384011530228,12.932586080362741,11.897648563204074,16.31284879840609,11.54348834874125,11.071634291125166,11.285222372337238,15.69485637690101,11.226653219222163,10.530337913452481,10.38521607468631,10.698465509916046,12.935287326464346,10.43671917846403,10.15496582418759,10.386835685756457,11.855333618518285,12.151533354267121,10.77528307591936,10.498516440098461,10.78188089565978,11.545605257869697,12.115079870913789,11.85245738927747,11.930091963596423
4,13.546953782546298,17.597143756341264,12.44778428001762,12.158274138045664,12.113738309798855,14.853283258811523,12.268921607620443,11.992423781202666,11.711430547539267,11.180627776059458,13.992429764745514,11.217195562267243,10.838695323155186,11.227129956142926,14.183896147126704,10.973902024543762,10.480987503937511,10.371240041110182,10.518528258387391,11.317594480724482,10.381164554218921,10.20033450714151,10.221685734139266,10.800409286331226,11.176419656863557,10.338522707511391,10.29870881091815,10.303452615053162,10.52111596948793,11.40210084349811,10.971365908200065,10.796670991842527
5,13.507422751657023,19.70600426995647,11.527132602512923,11.473917342584,12.340958333188638,16.234069869236258,12.038205580124268,11.309753687853545,11.561240034152313,12.065435709381687,14.438071567467011,11.358815013740807,10.92731639097294,11.241038826657823,12.14900849348709,11.492608189282917,10.77929500189037,10.539654239610563,11.178310775261481,13.514680264335631,10.882442028783956,10.54470795582184,10.624948377395933,11.202517217370973,12.422019048814866,11.06837545701548,10.704314841092566,10.830575450953576,11.232067068234437,12.154901741829791,11.532850993781906,11.3519536378576
6,12.722544996317838,15.333129348543553,11.68055181779499,11.558056520435334,12.02566002854018,14.526731752496199,12.003970032175877,11.656540321452889,11.738847818430203,11.327761300346275,12.908961151792484,11.717682699442031,11.608161732379715,11.529961149030386,11.702966428090187,11.475206238310733,11.464687327585972,11.112120060204466,11.123264869847821,12.019114088606429,11.63860967216714,10.958585481843718,11.005883452452474,11.403997346440457,12.06998264152712,11.555781479035995,11.058210007737044,11.203831954375659,11.616527958668778,12.818398305730646,12.259931702565575,11.787362422441783
7,14.255130536924364,17.047861549437762,13.111106864704956,12.229313023164599,12.284364230688524,15.427478197148808,13.027552677554441,12.100121437652488,11.81947650228375,11.898625614493548,14.984974880211807,12.00803932676802,11.233675298407102,11.48983487686503,12.980215424703127,11.716070982782279,11.290390888275489,10.939713328424359,11.13620169255426,13.103974476166401,11.415566235632419,10.79579172822958,10.933905392928581,11.083869533288,13.121668356454222,11.430879637632835,10.618787284905153,10.783129767367043,11.206395332461184,12.95146243185138,11.350185973441759,10.98280207715179
8,11.92993519215541,15.82868909750654,10.314489370692106,10.127449528761995,10.31911405726998,14.25909171009223,10.91116318443576,10.355576995598991,10.711291740612687,10.825130366885363,12.684268340457132,10.797641430067486,10.99201954754603,10.787086553108622,11.196153139722023,10.96900891720698,10.695054144354414,10.949839296664273,11.422867208945506,11.452484185931281,10.642043241445359,10.842638921076473,11.230963393145773,12.074342983974725,11.21703367880428,10.73113167007651,10.7852932152919,11.495650118025848,11.483714257700479,11.350084797463682,11.134101375575115,11.349587030566928
9,8.269899607536258,12.063131919926278,10.45047200239287,10.295237884694801,10.653585160077782,14.275593859251146,11.048023562588256,10.944854263132761,11.102861885605236,10.80629355083388,12.80680815549888,11.411049660593306,10.569276605374098,11.102992285103717,10.818814623214791,11.128516760516462,11.145358818528171,10.350972400955387,10.286338742159039,11.615070708565645,10.951564587976044,10.808012183340443,10.064916112843422,9.964698879182498,11.737985482366142,11.067619296261396,10.830269173166306,10.238870806345192,10.12062408483508,11.975895086952413,11.093657654150205,10.451062208936387
10,15.768684459412007,20.83424523786294,12.589667408692854,11.9654008267292,13.294429459894756,16.857333907534365,13.525954360351477,12.279539149838328,13.002380265098411,13.938079015514644,13.703862412223847,13.469259340320994,12.944998670988321,13.195586406580807,14.272784706338337,13.285558802384706,13.455511292281011,12.610943492945843,12.226534663632911,13.754499442746557,12.639947077697018,12.46650384551714,12.337691791863156,15.758496165764312,12.885562355427988,12.203272607278231,12.100403776112707,12.761651400644302,14.028792073196714,12.818250405207822,13.168421313931136,13.716545126669539
11,15.89598338941925,20.434263020225554,15.72319210552935,15.881665650968216,15.969521889923955,18.45114605121903,15.811099307255091,15.934819118387646,16.76905003324278,17.650838064050664,15.719299288155682,13.306154592346074,14.04534107000832,14.090219083298985,24.509771522888048,12.516234495658496,11.815102546147697,11.880293005046196,14.58793237459693,12.855098519861462,11.30193046840396,11.281847341056379,11.884374923671542,16.464862183326737,11.60490524527598,11.094615582681511,11.049905408513746,11.904168298599286,13.122982404657831,11.704996976218334,11.868809336334428,12.336482600580576
12,15.039494520302869,21.929193282706375,13.26068379578732,12.374735985789917,13.66510230182797,17.322121643090497,13.771317977792533,12.728669200815183,13.236043415274152,16.001461959222144,13.19858399554033,13.331126490946934,14.167477061987567,12.916779516663993,22.890220183011564,12.624416533312797,13.175886711374297,13.313394992806527,15.835295870236605,14.355314961391214,12.603147345339726,12.843860559865144,14.015847988070702,20.87239435624957,14.263741338442044,12.71016022999508,12.658624433370617,14.053196871636073,16.856563798533536,15.39955811605126,15.745530926488755,15.81624196662492
13,15.61730457482504,21.976179804099573,13.13179156592806,13.027349533545353,13.56220614880597,18.474083049262692,14.218203619667223,12.526289404354062,13.061246370807075,15.402826221046952,16.137249264024106,13.274923114701684,13.46810938367266,12.689503249691564,24.211207723227446,14.689044682353511,12.84822868394305,12.782552859646055,15.054349474961418,16.1185518482998,12.959319375695474,12.379177316866402,13.282902065657362,18.153126687279606,13.930258474730564,12.472583486199019,12.271726213835565,13.348861451053777,14.967245407661283,14.350917184233637,14.331950023880381,14.777820310783731
14,16.299001794970923,21.35455081510985,13.588063376869627,14.17949120586097,15.060868499325203,17.731490434966524,14.539454013640109,13.522368003148834,14.087771589158736,16.69768287266919,15.818262395128192,13.734263635180698,13.63438203832201,13.25747063445749,24.93366451501551,14.114028330466162,12.717853454121878,12.544918882944453,14.24683558690264,15.357120001315705,12.728367203514729,12.149807413671553,12.646970018234382,16.537476017126654,13.758004986212768,12.556411999090935,12.102171387890387,12.569947859111808,13.75689274034439,14.06539335412974,13.88711440010578,13.858956133087766
15,9.374114421290358,9.706322594930212,10.899909531641915,10.926842317037393,10.980731909261344,20.145654574158183,12.340953221350533,11.361908920592564,11.795507249287807,11.361488924473427,15.33115019447938,12.013414699842206,11.331099880635868,11.113367656928597,15.016512470903963,13.924391607274712,11.322471652393588,11.141098511411746,12.27266393796937,17.33654294743014,12.16349229797669,11.060393069412951,11.646136078113955,14.187933545769674,14.98647298509042,12.200418469012602,11.327381512002317,11.958909356759605,12.897163865832319,13.374956251460658,12.53469967003904,12.504442242942048
16,17.390496993030123,20.906281531422746,14.536577103091894,14.176111395004625,14.350087188549063,17.006652148205095,13.98627597322979,13.862538580232176,13.396682811834538,14.664375869078695,12.91461118321932,13.037679242500266,12.247493630067531,12.888892250433772,15.886520894035938,12.529127579733093,12.148461538214692,11.36006721496217,12.008032561413266,12.979481844731302,11.870053463311221,11.035422686540555,11.07280668427079,12.940778295553882,12.360239400367888,11.539505863879612,10.784152500890952,11.019830079374254,11.829464922564279,11.926928533093863,11.53200214994091,11.437026469715084
17,14.137751870961091,20.81461421686606,11.7552804551641,11.474143879173939,11.822500877739452,17.29559806006828,12.452221599068677,11.242915436893954,11.838286102762146,12.304158175180191,14.247533126730886,11.510249272977331,11.088271653148949,11.417894265785142,14.267447600534751,12.197518832090095,11.02301481644399,10.824609181985215,11.376279268123506,14.203953201012451,11.218180214883319,10.789142114435393,10.88481648969929,12.624462772824279,12.875229455297324,11.30010469682229,10.848201566259021,11.079855600459396,11.589142358509621,12.049689182084187,11.513130350278983,11.468340676445594
18,14.484858139295275,18.70506453605644,13.587797930734995,12.263749215427438,13.424467625077291,15.943023859715337,14.414363142084527,12.337643927147676,12.775569938833689,13.900021816061615,14.366451032379153,12.803983033804784,12.417663042239637,11.758231851738024,14.803330331299994,12.902648879432293,11.715072233353586,11.806295285416942,13.120925823686685,14.117238339256666,11.82989558963167,11.387234586281522,12.633285775907394,15.434742845323939,13.162953716714826,12.004736269261365,11.527744587612675,13.27947512163727,14.227762984816446,13.087019813206973,13.06945149065992,13.90871293820805
19,16.465818886702774,19.913335447252464,13.710923550667212,13.862597415274571,15.23249527032784,16.439696184511856,14.397084466707236,12.704936320736673,13.330191552364722,14.379333324846185,16.936196348679932,12.384368555528136,11.808196174535198,11.591511618860075,15.966853076367073,13.67304272821115,11.174177687710598,11.004262157616095,11.92361420305197,16.741465740627408,11.495001455022518,10.693085680460449,10.963163254914464,13.234488547512024,14.167653048529196,11.84002991280637,10.691109178842089,10.917597152503133,11.491112137755692,12.33708360949943,11.497280114423177,11.355806060138447
20,13.202113592857303,18.711586818209145,11.445712174131302,11.41135445903955,12.046050669598364,17.50111363048426,12.031141753007198,10.841566650159471,11.290269156289623,11.734391322683294,12.744905370082101,11.055192348098048,10.766291655842151,10.720877201847545,13.067935707873318,11.73960151377464,10.887335761581886,10.558760281176394,11.11482010816235,13.884444836532253,11.542849635763638,10.941829312762104,10.864384366508054,12.490129215370905,13.044939574644069,11.907513064324533,11.245597676405728,11.483186423443131,11.927901026225406,12.547584986711605,12.203584851080192,12.29281194591186
21,11.88857871866504,13.904939870809864,11.777111479522503,11.567522937729947,11.62125826516617,13.562534052936266,11.906371329716471,11.784420143998204,11.222545489483286,11.220689114861395,12.360459242901925,11.667087255553467,11.029991915001233,11.383231819175402,12.59356565149907,11.645956205562834,11.274587148014135,10.88133695734239,11.031730798005357,12.123266092371582,10.955337344072847,10.614262211104146,10.686164619388256,10.837278864337037,10.957696653248847,10.58909703525194,10.37768876805947,10.492976472646122,10.673966068303594,10.711453946744982,10.572172567959338,10.56433532212276
22,10.953950576348797,14.424904895146604,10.849877477619174,10.937105612762998,11.238826173210185,12.34626642378717,11.658739724603713,11.52134185905416,11.69563287593863,11.237939757523554,12.033943447849744,12.500945084833715,11.773818082757222,12.234292973262813,10.635765819438317,11.815336401078445,11.798695267008318,11.599552030573802,10.181550037164978,10.743590814650958,11.152004929904898,10.818730027430094,10.986691562687708,10.505250741919731,10.691866023639006,10.771177034559543,10.536944859139156,10.958656992595253,11.47227498236379,10.732331164071816,10.716567987891281,11.010634364546185
23,12.656820677494238,15.639498668513424,11.518186526108847,10.540209919756695,10.472527128991308,14.620298025620103,12.465883993976085,10.921057924006904,10.625782377899183,10.839840641904958,12.263360506137644,11.853193781433044,10.86396104786612,10.923546309993263,11.271883508643233,12.100944166415788,11.392044385210786,10.788183822780269,10.926907194019917,13.280134744344155,11.432890294986308,10.944815539150525,10.949573628707563,11.674084754123315,12.372703844833111,11.381902219864612,10.836184861460133,11.001627475950789,11.477150170516511,11.688468901160823,11.175810634764504,11.050462505992108
24,13.249462764802338,17.97228604955373,11.82460139061614,11.84857007783831,12.778616964186169,14.616312302014087,12.046144924771609,11.852107591942596,12.784607968905512,12.421178686015624,11.852362556615688,11.614888378186174,11.132715275148685,11.154934239442886,11.335014923725772,11.059102051649418,10.553524920400333,10.435882336521502,10.84276114802085,12.006601928879975,10.332220673182237,10.254106237499082,10.398340609436904,10.884114451460045,11.272303477117603,10.546713206864071,10.23412033628304,10.438954487771008,10.739775461231282,10.799635631518164,10.376596981571128,10.505627516628175
25,8.557315749786506,11.837642708566767,10.612182856128578,10.303658433599947,10.03442403761758,12.868805648919768,11.484767930516716,11.142057091723542,11.360066843344832,10.552233890412285,11.676344432271074,12.076757803910509,11.123700599293267,12.041675768925403,11.254162892443523,12.15980971025414,11.877939139286894,11.372297151965626,11.250671697527764,13.214521465670297,11.489434408142131,11.322876070703932,11.280909058482912,11.877283898999748,12.6214198789245,11.404642948967856,11.273710245244411,11.525584243415944,11.892864625507974,11.947200182541046,11.718659856883258,11.91751799970388
26,13.169290083395076,18.10275756881186,11.52032063261309,10.846801093174605,12.346483484707207,15.607739996600516,12.19580695000004,10.673377849845439,10.869841226310283,11.883717820665792,12.792015920434984,11.585158405016358,10.95734279164727,11.301404980876455,10.973077113614172,11.826226601176467,11.399623765129585,11.258033004953376,11.106708907610825,12.224370419784899,11.2788015435793,11.604431904132086,11.663440791919294,12.150800612898912,11.607339258475676,11.102358735374553,11.476460592742484,12.518819890727045,12.873113715135679,11.390749759999418,11.584218887134725,12.27169972968548
27,12.67709165533442,15.875004354720224,12.345865546104095,12.31541584314501,13.15789804901933,13.51158707447796,12.405509479802385,12.410704654936474,12.31536935322987,12.706686607153282,12.098330686052662,12.349397814925872,11.605111205242347,11.94664540877578,12.635556367390706,11.892778969232028,11.127641614134282,10.941652940299527,11.402013915609144,12.93743119500572,10.919636498408716,10.56913301829417,10.641702866914413,11.075207554220862,11.611509501814586,10.685656788175656,10.437476559021116,10.58979311498551,10.890813055760184,10.745458036207916,10.563199578605587,10.611055898675197
28,12.11780844505025,13.805535525545034,12.368077688214482,12.231170300667879,11.665898580147841,14.410079098355043,12.521296671577582,12.577342310531884,11.781804679404912,10.420520041891514,12.287300655020566,12.024595923835983,10.20392592179038,12.323872858320113,10.564642419130239,11.243341843833363,11.290514015662628,10.23740860563865,10.050708847857441,10.729272619202431,10.7720901143889,10.306137436360578,10.043299096470248,10.656450884123922,10.492591934269422,10.67195956075719,10.210162132783164,10.254421665339366,10.452213812493152,10.649159732581358,10.484487394321604,10.467306076851779
29,11.009153428500126,13.625436195155386,10.535274507151795,10.405168822109848,10.733584965266838,12.193313916630894,10.419873120652877,10.572353869926976,10.464229615506472,10.725024060867538,10.520703711020706,10.48740634260706,10.265926278865908,10.254104391375808,10.536114023471445,10.492016894339272,10.03956984275307,9.856370824940738,10.312907508352025,10.124843078697834,10.305960414620928,9.97156358210671,10.036466223172804,10.024378119023732,10.420108932489443,10.583588471116961,10.169662311470093,10.359525375983987,10.634389676180387,10.573822391877071,10.418968969451603,10.467198143366065
30,11.636307072958722,14.528525318860554,11.690690249475189,10.948873656181584,11.269385015328602,14.323276560043167,12.182488218513585,11.348039205474578,11.48990545267553,11.840594901100294,12.625408089215924,11.478964455955973,11.090779987256328,11.503436118580781,12.39662574499541,11.38493920788756,11.201302420097491,10.90940988727836,10.855662149356567,12.395348557452559,10.829585242392653,11.11134169820311,11.407303231410502,14.495002704935366,12.00024084096325,10.937998031974233,11.324918942907589,11.929117728677014,14.805510658006412,12.695871103751804,13.318025251287123,15.274488905047562
31,9.96281574166463,14.75598285602426,10.447453829328216,10.558094819554269,11.04491671120793,12.449320634139639,10.478578648314787,10.54966815957098,10.742124663517094,11.404713996721656,10.088472568608907,10.412366467159059,10.86444619963609,10.641140400226094,11.92784199782637,10.021893058058305,10.419548597747482,10.659437960148457,11.34452916722391,10.995043552429108,10.590647377921274,10.574092960426505,10.991077303040983,14.178565782455157,12.323341713306574,11.158568130349279,10.757550283011113,11.563068690836538,13.37212965830084,12.337752808443085,11.924891883367883,12.91046214800842
32,11.293737481258084,16.09176766429365,10.756541474429262,10.627016585441892,10.754970276811845,13.858000461252201,11.136353292205902,10.659521625529955,10.578095623880925,11.05402393462397,12.273191515896615,10.570702109691753,10.577043172879781,10.652126881305149,11.567371041569961,11.234338861970103,10.501131521955765,10.63150433944818,10.895144564597146,13.032820176445947,10.92123062143852,10.839909489574149,10.987263311198012,13.173232374526807,12.974390606249353,11.474557361035615,11.00293355529224,11.298933002296776,12.702375154697291,13.000794246911205,12.11106214127196,12.547391670268802
33,10.7659942522375,14.448230103150747,10.630727839483958,10.29164618455774,10.632758991085149,13.271844977355036,11.026739027657017,10.602108024257271,10.704721332435419,10.707549587643058,11.755710932613326,11.03793600675825,10.440383835161379,10.745173480891408,11.89559391808094,11.195725894813158,10.574088548631737,10.25387588780214,10.596533873175458,12.810344753785278,10.810511848107858,10.376024517652628,10.391796557713958,12.210608497740493,13.404446363979034,11.328040067343315,10.54918335336368,10.741346048272737,11.873447253252722,13.536424103260508,11.984804047014348,11.887414380653219
34,10.7540591717516,13.362646422681237,10.302269159828052,10.393185140742288,10.69809077246058,12.026077280774361,10.657539957285577,10.49984925832189,10.575176512793872,10.721217879791729,11.980279584761588,10.917558119569199,10.103474050229382,10.796336683444663,11.893892497688434,11.10953684318082,10.116650883315183,9.895648563365457,10.126477753652255,11.53528120067155,9.991420462555501,9.922973202557623,9.911929660274856,10.574506593206893,11.236415213279244,10.14390160828848,10.091044302297933,10.190568591610939,10.686533819775505,11.461362067106988,10.885846783104824,10.971915948225202
35,14.194599006710021,18.04802157083034,13.064864402414239,12.733123571716357,13.61021991067863,15.288239199780584,13.675456110077443,12.76803951115784,13.399023570601914,13.188390962730416,12.931047331863029,13.015121822007613,12.56320443969227,12.51353215213109,15.814503012654834,12.673011684295965,12.397252986700517,11.980457004746604,12.561940144479438,14.777950674935406,12.329675194209964,11.99672954587266,11.938753616244062,14.056493634843847,14.123503118335414,12.256750503125678,12.01950197484823,11.693420230622367,12.243178791466306,13.729836123589799,13.409578789412409,12.565627432516301
36,12.924756171118466,18.02687009155695,11.782522064408191,11.297926863717061,12.493280498721207,17.5582355998935,12.582601041624438,11.207114958946688,11.484847514278776,12.392297511998365,14.73478689386422,11.740001968698644,11.340422174211412,11.12209353723965,13.618425352588035,12.462559581871446,11.218206864551325,10.974722138938859,11.29874904384148,15.42403963001725,11.38292139513578,10.966350571116324,10.854620569464034,11.713305434122923,12.580119584844596,11.33300094495978,10.675061902978056,10.613035527024,10.809606685694453,11.664057859359161,11.039247954176458,10.860675706393225
37,12.719159025142588,15.691642589403278,11.577433816199887,12.151586820548317,11.829695460195978,13.439121143523225,11.383957390641806,12.000867239245068,11.736325254382878,11.433037353860804,12.00979741809305,11.347233052428708,10.681699115441946,11.177793073836803,11.356210166525763,11.585143411385188,10.61447041880924,10.295978033303854,10.866447245918005,12.843080157854404,10.945028065538324,10.2915152108309,10.418398063276934,11.740622779346879,11.933605428299872,11.111368319398052,10.482064742555101,10.716584831165095,11.396761890224736,11.5257158690558,11.018490309693723,11.045385118999201
38,11.420219995216444,15.680074494495033,10.907005075627865,10.973893674699616,11.539987905597414,14.640156676293302,11.902023088297161,11.113228516021172,11.271183124245402,12.100537276462228,13.085903177514389,11.743557216350203,11.412669181485562,11.2856567556587,14.120820776990373,11.497222858880205,10.826140130340391,10.641026555525825,11.69626257351443,12.38661608676568,10.44520416474287,10.29841096531001,10.45832165183926,11.222441583079187,10.89905635186772,10.494898957452541,10.203654852816314,10.249848585237176,10.40657574651618,10.733679757942317,10.461817735609822,10.355607166403457
39,11.731302366707082,16.45756115325968,11.111854751278402,10.814877683839576,11.02379886930381,15.531974151463913,11.179837432165288,11.309571306291845,11.147267425412187,11.16403783460927,11.544396810749491,11.00516163341216,11.14923657707675,11.239140989381005,12.179169058849185,10.71665320798906,10.553868052735057,10.381459927080252,10.710484529881414,11.926678317029394,10.329171678594461,10.159049381266872,10.016560219951584,10.812931443686296,11.092114539261138,10.666056956962864,10.148484387836499,9.99760513090628,10.393970158052745,10.73847922911021,10.526813158286744,10.440941923663845
40,13.148260783170763,20.018138589157008,13.69851686862676,13.371615944421313,13.681074679249187,17.211661647143053,13.449777682018853,13.199209541582393,13.743661207501392,12.816530487668423,13.825699743879452,12.461118590110594,12.493084408786274,12.91103855446862,12.796136585425929,12.198829151183972,11.613547207071065,12.019069501064934,12.161220475546967,15.777216549015632,11.277792925921988,11.28665115138444,12.120672806093005,14.650180357533962,12.745455040479362,11.06280498718109,11.267993518741582,12.605486349526052,14.690869263629226,13.024941442466478,13.22887802298151,15.40305724778459
41,12.17065054204471,16.12614698970407,10.764715837898224,11.104935999481391,11.835933419489644,14.505531408690826,10.9908105422216,10.923293413398097,11.820013055190953,11.862792257586904,11.713102017819322,11.372119607443437,11.914464072556669,11.688666822568763,10.647177577659951,11.462874920566565,11.37257102058019,11.257501680911481,10.914777652336504,13.492116221200405,11.25857675481329,10.930901413629108,11.109864978211164,11.722726454328438,12.730877648585283,11.384784857856559,10.856897347321544,11.134675737321134,12.11698472861422,13.02251067290605,12.360290238866483,12.356937402221869
42,14.255582384007347,19.087934744638236,12.903728300570785,13.337248088402497,13.671549442527663,17.67482271356511,12.991259765354345,12.764168281331441,13.028205503638972,13.450737618665121,14.798668601206073,11.829586822193226,11.806589352010633,12.085101537474465,13.648294870730867,12.476350565225651,11.366721267367915,11.281994911787022,11.801447266702219,15.81735551669379,11.35008113468234,11.150587869011703,11.541203513909352,12.676254204242417,12.988100113543986,11.254076167890007,11.081385412768206,11.502789624336918,12.770565874598539,13.035480491278905,12.160524951504504,12.59458046761313
43,12.154269764582827,16.275313339664233,11.621718325700177,11.582940426082338,12.001744310164034,15.726110389268227,11.719882149824906,11.630360560328013,11.804034979125255,11.515660227918284,12.907819998127648,11.033733188218518,11.092595841888617,11.35505441730173,10.760020610947935,11.497986162132682,10.836787876917716,10.955308046056999,10.920799753783564,13.843427084761736,10.958055727697731,10.909926718040532,11.065275307013325,11.516963897210914,12.422801386800034,11.116431536259595,11.04648910249813,11.42414691662305,12.448814709300938,12.65687272243005,12.153470602425969,12.405748876691542
44,11.961805870673329,15.538171005052348,11.570037244463869,11.732175592574452,11.728457140443853,14.838985728493789,11.488320637495809,11.65347315679786,12.016920012151518,11.551267485304743,12.35318052085403,10.90805308873452,10.658388325328318,11.301011562926348,10.783695171148873,11.128081758586319,10.56722289244293,10.500080435894272,10.417918502414002,13.369755199249338,10.580626176909687,10.423951975570484,10.463838546204242,10.852925576127959,11.952122312902029,10.898009141826078,10.50144010039549,10.711073098189141,11.582549557638808,12.059847373433556,11.507679336197343,11.700712408392633
45,9.48684905734788,13.663890331811016,10.958576318196805,11.032149457907822,11.256123698475095,12.850331537643958,11.165791692731071,11.309089620011987,11.73257445875691,11.234818532872431,11.614920789271785,11.365135394753315,11.304312349596218,11.66742907242866,11.126920535328004,11.142805405459944,11.249046041869223,11.279497934046972,11.141987799654599,12.146243448301488,11.053944310332062,11.089912306443665,11.34555185782242,13.385619315011384,12.118697720489287,11.485671790802224,11.43299070251818,11.985814795485394,12.897641570614638,12.06003891752809,12.359317480652452,12.72112709105931
46,11.315988123050426,15.348169658939954,10.656245150054717,10.52256313590678,10.787861221594502,13.59655084136044,10.752681053912568,10.916477653659477,10.963531758277673,10.414023666159926,11.035914425125176,10.78026913435449,10.432223559240276,11.42350926538508,10.561082681308475,10.811651214666222,10.897425847617555,10.657121587038791,10.383194958525555,11.13936356543003,10.941719900213608,10.861829681490926,10.65687974483171,11.432586662915512,11.336211175939402,11.48240145299453,10.85803098439419,11.104819311812165,11.918332129715026,11.55678702557946,11.151138099259333,11.244939627582658
47,11.87596921895571,16.525399690818585,11.57387414141234,11.771503920636341,11.462833809042072,15.09156180324194,12.334588566619919,12.445943949832616,12.459291356421945,11.096691054970782,13.526493561093817,12.275711496375385,11.508854891088726,13.062863708695547,10.58473614532844,11.637643097304874,11.453059496789903,11.04878949057884,10.20656089333883,11.518257229410366,10.783395143976287,10.719270413059277,10.519573545255168,10.476360816085375,10.601222899059925,10.456065349557116,10.31235017053751,10.492592459543799,10.622753963422083,10.445746597514855,10.309807015491804,10.46232681742742
48,10.955215471719034,14.278239248425665,10.077807366274946,10.296772067088328,10.549674114732971,12.443255133515292,9.846635985771035,10.303001582373204,10.450026126186211,10.492411764436563,9.835467115787546,9.859948854061729,10.260944535838377,10.416696263801638,9.973828812298684,9.77711982616846,9.861485597830422,10.104441204537789,10.061403433838185,10.093999094997452,9.682134421363392,9.924886418119751,10.101893892508292,10.366328032633911,9.932126983745276,9.762503521450576,9.952439213985537,10.191890072657523,10.316815752922007,9.945749391022117,10.022324086585146,10.157309227821449
49,12.1364989888024,16.287491226887752,11.39434358969073,11.35115491743583,11.543719983404612,14.798693946837624,11.32441863496185,11.386030286525695,11.228283423835329,11.341561221605744,11.054608084449901,11.055699805362103,11.163756221312418,11.322076965773759,10.854882291942866,10.790485897307823,10.602791952331488,10.626737928925783,10.757348002413572,11.072227653273814,10.395880459652789,10.381703176145871,10.411617465331487,10.560021344726984,10.593238064482136,10.35399026727879,10.298295325921636,10.324594003842938,10.511778335794885,10.422313128796723,10.338614446214534,10.360590269255425
50,11.558970406119629,14.47714014599214,11.072225612544402,10.993367907936578,10.591051576647304,12.717550117241915,10.934810881222644,11.187984706174575,11.162551697203112,10.35609231316853,9.998100255173856,11.180539694465518,11.193615339230902,11.309203039696039,10.58748289015069,10.36152767207936,11.020929864146545,11.10233110915963,11.31663727963475,10.426349245688415,10.810114659072347,10.903959947370488,11.056216915127473,12.35144337290258,10.835900278979778,10.842561982333017,10.800400502048698,10.906783927416589,11.171888161123585,11.097869866738764,11.110447768378334,11.229734146106296
51,13.606885859148454,17.07508208741295,12.280858984358526,12.296605903903703,12.314256717106788,15.172151511037603,12.151730502489242,11.859280722515393,12.02213177584337,11.969683023549614,12.528671462683471,11.395878082029812,10.88839322956666,11.273809029703008,12.096429588917866,11.44879556166835,10.70750552673726,10.55052814505345,10.790411411984076,12.194651448536723,10.650039565665955,10.400999801972107,10.413016266046245,10.923019583829548,11.150307856528533,10.569283362135963,10.324604939598414,10.37264114655556,10.644108402660654,10.767903197681704,10.60723483845032,10.577118900122457
52,12.150775366813093,15.797237353784807,12.43450087370564,11.864594727179364,12.280364827223302,14.154936725454498,12.158782323782463,11.874871257369904,11.687897005660526,11.421603711504533,11.410242969854226,11.392579646004087,10.945529786641849,11.235639850157382,11.687550110671083,10.860170447778787,10.854783720643363,10.634665262476181,11.186080614493763,11.317912569658292,10.718737852684145,10.598949431950048,10.740223889189025,12.210685874412846,11.146822399569686,10.615607620738476,10.58597094559373,10.817774919743362,11.258645890072154,11.045408192064938,10.946788170965194,10.897681586253034
53,15.483485017322673,17.984414604016298,14.544700430900258,13.783465949253705,13.610896021894995,17.233630741075853,13.53397403404807,13.618303867970484,12.981439888111181,12.237901927404804,11.57002698502667,12.071110854564608,11.707386012498018,12.62898152555347,11.597153986223438,11.017747392256515,11.395676636077958,11.562239615330439,11.561457484068406,11.144733020066646,10.993028597369296,11.257661587797031,11.528302784817123,12.78149503173247,11.37781682273294,10.970032901880353,11.026590131581152,11.638427715998072,11.919813771763126,11.425538624346657,11.30304387221483,11.492805122396616
54,9.679212087906302,17.738946091108456,10.975180514543595,10.405113999919314,10.407749294499343,16.16686528335543,11.68646028431825,10.852494882220531,10.38689953460707,10.202406497742059,12.632428989122303,11.074737796890183,10.16959340522911,10.788063656831914,10.502837716251927,11.505562619750876,10.449506874328213,10.177105572992742,10.357020625605694,13.083190143725423,10.557103349660727,10.183418692098043,10.256198805770781,11.040499343675995,11.813802695441986,10.63140865629747,10.149820718306556,10.54876383472279,10.98789143593263,11.018695571866486,10.396928238077376,10.525981682974672
55,9.094853847029464,15.084281486013579,11.67971408333407,11.266770736813987,11.02578719673314,16.62332136273362,11.669332591492482,11.641535466255968,11.59695361404082,11.085383027366076,11.781677706287367,11.641516937709383,11.56135926785479,11.446470734646995,11.593005763290094,11.294329160524017,11.403690837386064,11.101338923254893,11.415033060564504,11.845761595449327,11.31559271160262,11.142139273638634,11.053322738181969,12.135312912053145,11.630965865374288,11.325228464573675,11.218674887703179,11.2537899080141,11.961804414519472,11.697686123255346,11.891124406396314,11.813023510890297
56,11.29227675829452,16.8742505735504,11.73700608123976,10.36196645703809,11.565995735692757,19.47155176880039,13.163889977133849,10.58769394817828,10.63854835317257,11.24412726072209,14.016183065530354,11.689259787068314,10.261861009217489,10.462532179290957,10.900853519474005,11.758524521469376,10.777081544851994,9.999681556981827,10.122213626498588,11.721939459037335,10.750104026353348,10.208987636987537,10.035855816126366,10.413752511345194,11.037110123080533,10.557960270509787,10.225182897056264,10.262532292971715,10.442763211113224,10.797575331178734,10.504438162516662,10.4200823718462
57,12.777831402405255,17.994562032009195,12.339620782308607,12.23226330577104,12.5445320472205,15.220538404481617,12.192318269050247,11.894088938494315,11.73586463985395,12.223513401633793,12.189995291689932,11.019418999519457,11.065130001886601,10.824583685776402,12.060392701298575,10.53329437027593,10.338757219623107,10.339961392818706,10.928633534892157,10.672938313053635,10.163590647982014,10.109858260822305,10.312559029794462,10.44549415876929,10.513687078934256,10.435506928060121,10.191561172696778,10.442777938194675,10.615428899348588,10.620095345394352,10.488857038446808,10.54874543724328
58,11.312101236607838,16.319568250511082,10.944746220970755,10.106912866390843,9.952725207702914,15.060201990247924,12.688582815089655,10.55679758261652,10.081682432350261,10.036792020246969,11.84626560206757,11.71484442365238,10.647894851143281,10.547859277934602,10.635753396826097,10.828347773006307,10.700180551819045,10.502386434583588,10.666629637413763,10.222814505561715,10.5025555698681,10.074071538186299,10.378541739334501,10.691313062521052,10.195707122305503,10.357354377749632,10.184195185510577,10.176759384695156,10.323403263854173,10.505173016809286,10.487877222571221,10.431190920967902
59,10.237347126958271,13.292446317103638,9.757582331610745,9.979133358798135,10.08210229604418,12.1657991537398,9.544900880297204,10.137677468946947,10.270479253370931,9.686907898554512,9.42242194366433,9.626523437301131,9.955231736576776,10.327138097157883,10.119608119712321,9.405013993444106,10.03229945423723,10.238332788224014,9.934717399930241,9.504588543742647,9.872544715899934,10.598939866878839,10.455944687728183,9.564896966924282,9.965155483570518,10.284015263268584,10.821617093430035,10.93736966334656,10.724078604255546,10.420101859320294,10.847636387088102,11.233087803846535
60,9.71429727260141,14.58113458250085,10.703515627943611,10.645551912722947,10.914224558436493,13.471427662737325,11.168771261457826,10.893193217059041,11.078597436851053,10.73993416302588,11.635017819643197,11.560696198831918,10.375295683334144,10.97791746553947,11.22296872736833,11.567347916833178,10.870999617997455,10.271280236594183,10.366100533957347,12.41324155220223,11.102777753998952,10.78426103315305,10.416646533461543,10.702005227476448,11.493698539967125,10.983399431121077,10.96515936129533,10.807825101036663,10.91579277810569,10.958548955989395,10.94691063884711,11.01296085523125
61,9.36463529932145,13.816002161285992,10.134086117506806,9.940089739990439,10.275710660522456,13.59503694400962,10.804083057594427,10.21431315462774,10.600446753849845,10.280345601554718,11.490286244284647,10.555325849838942,10.807122965731729,11.388793802428161,10.146438230248823,10.633700650947477,10.854288966757016,11.175563587676457,11.02625578587032,10.40038264766607,10.520184910735034,10.902985567602087,11.293102490891622,10.825044027134512,10.204780833925097,10.288833626990849,10.710413995513525,11.29362120709447,11.06676825229716,10.789247453255351,10.681767212573904,11.007194593133228
62,10.41616432118068,13.775498430243234,9.872371661225431,9.5733213437611,9.80675851252499,13.889766337213915,10.315995114081096,9.654077559940408,9.780006890610382,9.790115887769222,11.586770726769416,10.304471116726537,9.838031674134536,9.92132888145911,10.399249980992082,10.579589048570805,9.988087174245315,9.63902114365447,10.0493076999762,10.910978385452175,10.203039466146626,9.84145118218245,9.641214947911338,10.232064077811382,10.68899017952819,10.314479320385825,10.004450663837044,9.89915249092225,10.170843309699885,10.585805231245004,10.181662769740747,10.015220200101139
63,10.811444645837334,14.047205648155883,9.779140666549152,9.947634809610085,10.046622562284508,12.687987731734838,9.911101076461923,9.846572812866198,10.043078033361382,9.896942473286009,10.554251100440961,9.97613190426542,9.622731399830952,9.804641951204818,10.244597363506385,10.633227077954338,9.613638859255103,9.32425512257965,9.36616806814594,12.102791358617258,10.152095628054989,9.561273002580965,9.280089641474998,9.31647705056946,11.456817191198619,10.56914732362646,9.863245726148033,9.506857579093351,9.541270270096526,10.861097726648552,10.146340928528787,9.779547319501829
64,13.91998193503865,18.04741017478924,12.362265276306893,12.772125436237147,13.6468568785518,15.313116312109857,12.134802563796498,12.136673194942674,12.92224854711858,12.47128631454435,12.032929614991131,11.762936663296513,11.85893016346761,11.73937550519861,11.568601002806352,11.781755244975727,11.273301353189247,11.135314666229126,11.576375378619632,13.648531280621823,11.386927175345194,10.810372168779546,11.19301666150461,11.277639854197155,12.695989775413418,11.556986219146152,10.7678431526706,10.996806383736336,11.246987068247511,12.064245072510557,11.286763308837992,11.047291191355177
65,13.07115100580289,15.651361207312258,11.400045580681933,11.133862258882106,10.954070079086891,15.430241964224363,11.37243233478934,11.018101930120261,10.657590163744372,10.693877023263028,11.056270743776912,10.660231162443589,10.020641311646946,10.509168127756661,11.066966012653273,10.506152521072854,10.443027107375217,10.068832363985885,9.807363678510086,10.584049845190158,10.356655203887078,10.350693848635851,9.849970899073117,9.383112962032623,10.410244362323308,10.391749224460296,10.354566300358496,9.923563890133622,9.726141432247301,10.428059033109236,10.392717700817254,10.211713182750879
66,12.624504941288029,17.74509518229493,11.040270195078884,11.12890990273849,11.114228881841653,14.043377425160065,10.166131724399618,10.716107220972496,10.679456461719262,10.461705352574546,9.152528844381555,9.8153137325019,9.97538805376883,10.216052965401149,9.920815668985751,9.51435857074967,10.05526667346899,10.01197699200734,10.099805336423374,10.458092590305158,10.25288368173771,10.179138415132936,10.157230153432161,10.830808613642517,10.987481278395938,10.883474977231856,10.320495351320547,10.46806904954189,10.819184552568181,10.97011550018012,10.568590872726658,10.515606490358275
67,11.83509565734316,15.818345695454816,11.970788343175746,12.487209568034636,11.812004941575019,14.912353693629376,12.426345686909443,12.638430357029913,12.343011375255545,11.731159144432366,12.430895545454591,12.451795073527826,11.648967165010907,12.344253782038999,11.701363366504564,12.13133931309344,12.04094462955252,11.59827263888816,11.704949392941367,11.480777810863591,11.68108759128877,11.490050504710664,11.591369250366979,11.132064720354153,10.86702284356352,11.00579707842978,11.175257939129237,11.334155845452399,11.255650433952033,10.990305681927834,11.19901316657357,11.315786980828335
68,11.12194553876271,17.23091808960442,10.060519077851032,9.33405174459813,10.507872435612816,13.325135759829521,10.336676441020241,9.532861083452842,9.8593662963904,10.229362686347608,9.093587981429614,10.205572357517724,10.175868631435533,10.30435376293945,9.008580341927603,9.135357945310934,10.397696512194358,10.330237908544602,9.34433116368677,10.092964809477554,10.069978129505742,10.439681735767746,10.124136412027338,10.01915038057529,10.857991512700833,10.434421869741934,10.434930603782007,10.212548300965215,10.342906304191912,10.633887872830103,10.489778507704683,10.301026795198961
69,12.729820623158881,14.330748514426437,11.726583938681062,11.093521175400646,11.6119124580284,16.250234013722963,12.388807093118176,11.404894428011245,11.321689777849839,11.994620220237644,11.960301357857679,12.428194418575089,11.656129637058564,11.792624114297752,12.446546732102911,12.53656713905328,12.145636538150448,11.683937398403287,11.632679913639725,11.77295424851038,12.16954282462114,11.518461559496743,11.54365268920899,11.432330576264144,11.511893293831555,11.75044912226403,11.29849137922227,11.417206240331401,11.319887977912932,11.47460801315313,11.23696555280658,11.08196457159692
70,11.239372111124764,16.051799157544984,10.443266795374294,10.407083804913102,10.983501036519607,15.179052542859138,11.215799248826265,10.46918869068732,10.983536178845453,11.614348455343281,13.0042499964349,11.12774335194834,11.211458737511412,11.247240869044857,13.841461387834803,11.035523864128912,10.943828443817752,10.924523420294028,12.462370881169505,10.479449673677017,10.450011632064474,10.684809425370858,10.923432160165822,12.519718572247912,10.153066713677868,10.351843863199566,10.853065384626086,11.04913863149786,11.395322441207567,10.778383290200992,11.430900021160992,11.518751747938495
71,10.491913501074393,13.153016403200995,9.943080816649461,10.227496692435952,10.613347657258554,11.314583290638934,10.245386785046376,10.595007886333134,11.309335988246195,11.417137821917038,10.975571538066319,11.23804775296054,12.03254407735699,11.851025892585938,11.858908269257086,11.486216001512295,11.953463405232092,12.19025445388175,11.836156316999384,11.169871065391982,11.484594837049224,11.586177062879395,12.285006344375892,13.674713182751134,11.070983065348079,11.071062627096817,11.4771505920719,12.338338226981124,12.713687963591205,11.57786482587664,11.927076306645544,12.37271247350604
72,12.162397684682036,17.331632672604634,11.122003309175996,11.005175923952953,11.404653611518407,15.564710921686709,11.859125259458672,11.139785218142535,11.343854998649206,12.764402242419912,13.362451092769012,11.905994306243029,12.410037601785078,11.729093556755915,15.400024176178258,12.18119384222007,12.224581597226367,12.383447867343342,13.861184030908467,12.281310913719702,12.156939456111987,11.860025924570861,12.165373207277577,13.852339078307772,12.211723779161261,11.85459465601837,11.794397788869917,12.037470004901172,12.37498051022398,12.541196122413366,12.80420237369119,12.82609710136034
73,11.427694793901118,14.433660566510278,11.60028965845518,11.22338568709897,11.4970538421183,12.981567478460894,12.115270975437014,11.944295881215956,11.702388285851036,13.039658039604072,13.104269701435966,12.384991868915641,11.339959474006646,12.158634264989189,17.066979509857532,12.191502273692931,11.57316080869189,10.901201223317694,12.29250301038372,12.335809698716877,11.091759594649055,10.70407579082678,10.732536741496077,11.913571245392454,11.325077625536254,10.789459770685037,10.70210154705662,10.766211421710471,11.026446460009254,11.44860135832826,11.571651326297122,11.507952830916475
74,12.492791612840653,15.073597602764911,11.894663478730791,11.338778678777134,12.16322971223999,17.041626818148995,14.673514801285906,11.904902992116403,12.366719646868935,13.43065027807077,14.569887278846977,13.451496117520891,12.841478474012549,13.532060932705896,16.955171500843207,11.698798506126488,12.195743141168622,12.91173199232334,14.193641874818809,11.089349227323952,11.216821642361394,11.575405550207782,12.653412863554465,15.907523933405686,11.231999640435289,10.933015921982049,11.266980754632208,12.430548530180149,13.677788276222598,11.790089216141835,12.357934412533972,13.183284597836616
75,9.602829159729643,12.138309473656506,12.195142060377234,12.203706619550973,12.477342974784369,14.128418893895551,12.128511099393526,12.154675142199663,12.196270469618502,11.515660954517378,11.941391096028356,11.67999854643769,11.006621343182962,11.316689443136587,12.170295498226645,11.988001941568045,11.053392944444965,10.514748555975222,10.657896534228561,12.980180357991257,11.101483564206006,10.664896744510836,10.4267056372787,10.845115509962016,11.971014652721768,11.09960262565658,10.425853988540927,10.540940956902073,10.836335108386317,11.142021034675304,10.506555778248426,10.537396187297398
76,12.633191294717202,16.043554561805145,11.89266290208254,11.810505495287194,11.769725756845508,13.813670848810178,11.60875168879658,11.529504002023259,11.530793406491588,11.55708078727478,11.469239467313649,11.422298802521382,10.624819629421186,10.893848599498313,12.060230713364794,11.636647120283639,10.825151694476489,10.202654712881769,10.579749244784104,12.232343952196343,11.318509731229554,10.47214349785713,10.30123714816702,11.310062460838308,12.073235880734645,11.277719359924957,10.470764674902332,10.596828591135733,11.02848312110173,11.399361376343956,10.721681475169163,10.64389756899381
77,12.54197017258562,15.402517270120676,12.30361357734727,12.610896310634907,11.93404950136064,14.033122859957777,11.971021721338593,12.32529338933909,12.134365114077859,11.769804930844238,11.339260674113389,11.598109501028853,10.861097275108108,11.25611596649734,12.13280552976691,11.570336095741586,10.909351320110128,10.471987071235823,10.926855418283301,11.462086672737632,11.13200872906389,10.597444648745878,10.50898378695249,11.616410938826597,11.37715740955408,11.010855844907908,10.486015051501454,10.654525545592616,11.097049818037098,11.026220924509566,10.626220685125732,10.626940289665542
78,10.601624457812576,13.142201855296074,10.59096404251579,10.76801213316915,11.065293071511517,12.341500943706277,10.640751322949995,11.083378485848849,11.069007821094914,10.508721832028408,11.2068536347743,11.137705172884116,10.425019999819863,11.373345831573948,10.509653296946551,11.615835969526726,10.585550424992768,10.446235725882289,9.92571768941652,11.429289622522782,10.470929556226778,10.403686352711409,10.094337463136297,9.705498811957824,10.460084406772213,10.356126358680566,10.326995849095196,10.128695364360214,9.852505128998695,10.370404159411368,10.234706949037365,10.214224046831088
79,12.794327015559624,15.748821899263516,11.76462417529894,12.092007235980262,12.168765826861234,13.73419826638448,11.270150835981006,11.339233451375927,11.32036455952717,11.440566992868499,10.208023718477866,10.933068333720051,10.714870333908038,10.632208573248649,11.574491430666685,10.185966957825327,10.438152953967274,10.349252096958187,10.970629125625313,9.908622468290078,10.429884921414615,10.298014677754532,10.671249803066194,11.12965168610784,10.453042194258579,10.49762091181655,10.276821920407494,10.780489857855848,11.135948339005559,10.534683040780502,10.551881281946587,10.69430139427247
